timestamp,open,high,low,close,volume,oi
2026-03-11T00:00:00,,234.01,221.25,223.64,86365,
2026-03-12T00:00:00,,221.4,201.28,207.44,313482,
2026-03-13T00:00:00,,215.3,202.0,210.41,109973,
2026-03-16T00:00:00,,211.82,200.45,203.72,38884,
2026-03-17T00:00:00,,206.08,199.1,201.29,48895,
2026-03-18T00:00:00,,221.41,202.5,221.41,74942,
2026-03-19T00:00:00,,235.0,209.03,229.01,97346,
2026-03-20T00:00:00,,238.14,225.2,235.38,76297,
2026-03-23T00:00:00,,235.0,220.0,220.79,154076,
2026-03-24T00:00:00,,240.89,226.6,231.71,95516,
2026-03-25T00:00:00,,236.41,229.0,231.74,38109,
2026-03-27T00:00:00,,232.0,208.57,217.0,66027,
2026-03-30T00:00:00,,211.99,195.3,195.3,56731,
2026-04-01T00:00:00,,214.83,201.71,204.41,61249,
2026-04-02T00:00:00,,219.0,191.0,212.62,89455,
2026-04-06T00:00:00,,226.0,208.0,224.17,44978,
2026-04-07T00:00:00,216.0,227.0,216.0,222.74,92986,
2026-04-08T00:00:00,,266.0,226.81,255.8,418527,
2026-04-09T00:00:00,,269.5,253.55,265.81,278032,
2026-04-10T00:00:00,,284.5,260.01,281.15,243469,
2026-04-13T00:00:00,,295.5,264.47,292.16,147052,
2026-04-15T00:00:00,,319.5,299.2,313.8,254130,
2026-04-16T00:00:00,,318.41,298.25,314.28,154789,
2026-04-17T00:00:00,,327.9,304.29,325.5,176299,
2026-04-20T00:00:00,,327.5,315.87,321.79,63374,
2026-04-21T00:00:00,,319.9,308.95,314.13,94046,
2026-04-22T00:00:00,,321.57,312.5,319.25,47405,
2026-04-23T00:00:00,,322.4,310.05,314.93,122948,
2026-04-24T00:00:00,,314.41,299.0,299.91,46335,
2026-04-27T00:00:00,,312.99,299.25,307.51,191436,
2026-04-28T00:00:00,,343.42,306.5,337.33,208397,
2026-04-29T00:00:00,,349.0,329.07,339.97,176617,
2026-04-30T00:00:00,,356.0,336.0,351.35,114816,
2026-05-04T00:00:00,,368.5,349.95,363.85,117477,
2026-05-05T00:00:00,,368.95,346.25,349.7,54831,
2026-05-06T00:00:00,,365.7,341.0,361.0,82188,
2026-05-07T00:00:00,,375.0,356.6,372.65,64479,
2026-05-08T00:00:00,,390.5,357.1,384.2,98691,
2026-05-11T00:00:00,,380.0,361.55,371.55,89512,
2026-05-12T00:00:00,,369.7,341.25,347.05,75446,
2026-05-13T00:00:00,,355.0,342.0,349.25,41207,
2026-05-14T00:00:00,,363.4,348.0,360.25,49835,
2026-05-15T00:00:00,,374.0,351.0,361.95,54244,
2026-05-18T00:00:00,,370.0,354.65,364.55,83669,
2026-05-19T00:00:00,,367.0,295.0,334.0,1266259,
2026-05-20T00:00:00,,400.8,334.0,400.8,4293820,
2026-05-21T00:00:00,,480.95,410.0,480.95,7103895,
2026-05-22T00:00:00,,488.0,455.05,475.25,1632512,
2026-05-25T00:00:00,,506.8,461.0,502.85,972353,
2026-05-26T00:00:00,,511.0,468.25,475.4,273107,
2026-05-27T00:00:00,,488.7,466.65,483.0,194628,
2026-05-29T00:00:00,,507.45,477.2,493.2,345818,
2026-06-01T00:00:00,,516.0,473.1,479.15,177889,
2026-06-02T00:00:00,,493.5,470.35,487.2,90837,
2026-06-03T00:00:00,,499.95,466.5,473.0,472,
2026-06-04T00:00:00,,487.7,455.05,463.15,1812,
2026-06-05T00:00:00,,506.0,450.15,506.0,432012,
2026-06-08T00:00:00,,556.6,515.95,541.95,1148529,
2026-06-09T00:00:00,,574.7,531.5,549.95,339388,
2026-06-10T00:00:00,,568.0,554.1,560.4,182391,
2026-06-11T00:00:00,,563.45,538.8,556.55,135468,
2026-06-12T00:00:00,,600.0,564.0,593.6,342253,
2026-06-15T00:00:00,,626.9,600.05,614.95,269958,
2026-06-16T00:00:00,,625.0,587.05,593.2,259668,
2026-06-17T00:00:00,,625.0,592.3,619.1,233213,
2026-06-18T00:00:00,,629.7,611.1,624.55,137401,
2026-06-19T00:00:00,,656.85,619.0,644.15,276906,
2026-06-22T00:00:00,,683.0,643.0,669.3,260622,
2026-06-23T00:00:00,,709.0,655.1,693.5,474811,
2026-06-24T00:00:00,,728.15,676.4,727.2,374627,
2026-06-25T00:00:00,,728.0,690.85,690.85,146990,
2026-06-29T00:00:00,,673.95,656.35,656.35,78919,
2026-06-30T00:00:00,,659.25,623.55,637.45,205254,
2026-07-01T00:00:00,,669.3,615.6,640.95,279845,
2026-07-02T00:00:00,,672.95,651.0,672.85,129219,
2026-07-03T00:00:00,,706.45,676.2,706.45,169314,
2026-07-06T00:00:00,,734.3,694.75,707.55,138062,
2026-07-07T00:00:00,,720.0,702.1,708.5,73374,
2026-07-08T00:00:00,,723.95,681.55,692.4,90220,
2026-07-09T00:00:00,,727.0,694.25,727.0,54161,
2026-07-10T00:00:00,,763.35,730.0,755.8,364556,
2026-07-13T00:00:00,,763.0,737.0,741.4,84313,
2026-07-14T00:00:00,,759.0,726.3,739.95,84723,
2026-07-15T00:00:00,,750.0,731.05,739.1,39841,
2026-07-16T00:00:00,,757.0,730.1,738.8,35982,
2026-07-17T00:00:00,,738.8,701.9,701.9,95239,
2026-07-20T00:00:00,,696.4,666.85,666.85,114095,
2026-07-21T00:00:00,,667.35,633.55,635.0,182044,
2026-07-22T00:00:00,,666.75,623.1,666.75,35169,
2026-07-23T00:00:00,,700.05,645.15,658.1,149208,
2026-07-24T00:00:00,,691.0,625.2,674.85,224881,
2026-07-27T00:00:00,,700.0,655.0,699.35,102919,
2026-07-28T00:00:00,,705.0,685.55,699.65,107786,
2026-07-29T00:00:00,,708.0,688.55,707.35,86644,
2026-07-30T00:00:00,,710.45,672.0,676.15,75269,
2026-07-31T00:00:00,,707.5,676.0,701.65,63999,
2026-08-03T00:00:00,,708.95,677.0,700.45,101664,
2026-08-04T00:00:00,,735.45,700.0,735.1,937124,
2026-08-05T00:00:00,,771.85,771.85,771.85,140019,
2026-08-06T00:00:00,,810.4,773.4,804.3,275636,
2026-08-07T00:00:00,,829.0,785.0,807.6,329249,
2026-08-10T00:00:00,,843.0,767.25,798.1,196394,
2026-08-11T00:00:00,,828.9,783.0,811.05,110749,
2026-08-12T00:00:00,,810.8,770.5,779.8,95333,
2026-08-13T00:00:00,,785.0,740.85,765.5,53378,
2026-08-14T00:00:00,,794.4,732.0,754.9,48280,
2026-08-17T00:00:00,,777.9,735.65,762.6,21086,
2026-08-18T00:00:00,,790.3,768.05,780.35,34438,
2026-08-19T00:00:00,,797.95,760.1,779.3,41280,
2026-08-20T00:00:00,,818.25,779.3,807.5,154770,
2026-08-21T00:00:00,,827.0,780.15,822.6,43599,
2026-08-24T00:00:00,,850.0,800.0,837.95,65277,
2026-08-25T00:00:00,,840.0,796.1,796.1,42696,
2026-08-26T00:00:00,,788.5,756.3,756.3,44928,
2026-08-27T00:00:00,,769.9,720.0,740.25,146536,
2026-08-28T00:00:00,,767.0,722.35,763.8,61968,
2026-08-31T00:00:00,,758.8,725.65,727.6,53249,
2026-09-01T00:00:00,,724.7,691.25,693.0,61730,
2026-09-02T00:00:00,,727.65,658.55,727.25,129643,
2026-09-03T00:00:00,,734.75,702.7,719.2,42969,
2026-09-04T00:00:00,,735.0,696.1,700.35,76997,
2025-10-13T00:00:00,,234.0,223.01,230.32,96719,
2025-10-14T00:00:00,230.32,231.49,222.0,223.77,29581,
2025-10-15T00:00:00,223.77,224.9,217.35,219.37,101788,
2025-10-16T00:00:00,219.37,220.0,216.5,217.42,81376,
2025-10-17T00:00:00,217.42,221.0,212.5,215.27,41213,
2025-10-20T00:00:00,215.27,217.0,210.61,212.03,87369,
2025-10-21T00:00:00,212.03,221.0,212.03,218.55,15032,
2025-10-23T00:00:00,218.55,218.61,210.1,211.38,121469,
2025-10-24T00:00:00,211.38,214.9,209.0,211.79,82814,
2025-10-27T00:00:00,211.79,212.9,210.5,210.96,77926,
2025-10-28T00:00:00,210.96,211.79,205.1,206.77,81931,
2025-10-29T00:00:00,206.77,210.0,206.13,207.91,109686,
2025-10-30T00:00:00,,210.5,206.26,207.4,48584,
2025-10-31T00:00:00,,209.28,203.0,203.99,54289,
2025-11-03T00:00:00,,205.1,200.71,202.92,69128,
2025-11-04T00:00:00,,204.24,199.0,199.99,90153,
2025-11-07T00:00:00,,199.49,192.41,197.15,111716,
2025-11-10T00:00:00,,197.75,193.51,196.19,41773,
2025-11-11T00:00:00,,196.26,191.0,193.84,131120,
2025-11-12T00:00:00,,203.0,194.0,194.85,101723,
2025-11-13T00:00:00,,198.14,192.05,193.21,72481,
2025-11-14T00:00:00,,193.65,188.4,189.83,92563,
2025-11-17T00:00:00,,193.9,187.11,191.49,184509,
2025-11-18T00:00:00,,192.75,189.0,189.54,113783,
2025-11-19T00:00:00,,189.73,183.33,184.46,57845,
2025-11-20T00:00:00,,185.4,179.0,181.7,177863,
2025-11-21T00:00:00,181.6,182.0,177.0,177.55,277505,
2025-11-24T00:00:00,,182.99,174.0,181.46,151234,
2025-11-25T00:00:00,,191.01,180.0,190.01,137148,
2025-11-26T00:00:00,,193.57,188.1,190.61,53213,
2025-11-27T00:00:00,,191.79,187.0,188.4,28854,
2025-11-28T00:00:00,,188.38,183.35,185.12,23446,
2025-12-01T00:00:00,,189.38,181.25,183.71,48087,
2025-12-02T00:00:00,,185.0,180.18,184.32,27010,
2025-12-03T00:00:00,,184.38,180.0,180.61,64796,
2025-12-04T00:00:00,,181.7,178.69,180.47,53072,
2025-12-05T00:00:00,,182.01,178.7,180.54,63994,
2025-12-08T00:00:00,,180.54,176.0,176.59,44035,
2025-12-09T00:00:00,,181.8,173.75,178.8,30548,
2025-12-10T00:00:00,,184.0,177.1,178.8,57743,
2025-12-11T00:00:00,,182.6,176.0,181.64,34464,
2025-12-12T00:00:00,,185.9,180.1,182.28,50471,
2025-12-15T00:00:00,,186.95,178.1,183.12,42157,
2025-12-16T00:00:00,,187.25,180.61,183.03,29405,
2025-12-17T00:00:00,,185.8,180.88,182.68,36174,
2025-12-18T00:00:00,,183.49,174.0,174.16,70854,
2025-12-19T00:00:00,,178.51,174.2,175.64,32904,
2025-12-22T00:00:00,,180.86,175.5,176.09,41029,
2025-12-23T00:00:00,,195.0,176.09,190.67,407405,
2025-12-24T00:00:00,,194.91,186.09,189.75,102412,
2025-12-26T00:00:00,,193.0,186.3,187.15,42373,
2025-12-29T00:00:00,,190.0,186.3,187.19,27159,
2025-12-30T00:00:00,,208.9,187.55,205.42,441838,
2025-12-31T00:00:00,,215.85,203.6,211.56,242162,
2026-01-01T00:00:00,,218.0,210.01,216.92,125943,
2026-01-02T00:00:00,,217.8,209.01,216.11,124029,
2026-01-05T00:00:00,,224.38,214.28,222.02,113645,
2026-01-06T00:00:00,,221.95,216.85,217.13,47406,
2026-01-07T00:00:00,,223.45,215.5,221.05,62305,
2026-01-08T00:00:00,,221.0,216.46,217.92,28044,
2026-01-09T00:00:00,,218.76,216.48,217.31,93192,
2026-01-12T00:00:00,,217.5,204.35,208.16,144573,
2026-01-13T00:00:00,,211.63,196.23,197.72,86976,
2026-01-14T00:00:00,,201.37,194.85,198.66,51933,
2026-01-16T00:00:00,,199.24,192.0,192.41,30058,
2026-01-19T00:00:00,,192.0,184.1,185.8,63476,
2026-01-20T00:00:00,,186.8,175.3,179.0,42121,
2026-01-21T00:00:00,,181.95,174.31,176.75,55592,
2026-01-22T00:00:00,,187.0,176.05,183.0,50791,
2026-01-23T00:00:00,,183.53,174.09,178.54,32118,
2026-01-27T00:00:00,,182.65,175.21,177.36,48343,
2026-01-28T00:00:00,,181.98,176.04,179.81,37962,
2026-01-29T00:00:00,,179.07,172.5,173.89,56088,
2026-01-30T00:00:00,,192.89,172.34,181.2,230520,
2026-02-01T00:00:00,,217.44,180.0,217.44,1089828,
2026-02-02T00:00:00,,259.79,220.0,252.52,4919083,
2026-02-03T00:00:00,,264.67,238.0,249.76,875489,
2026-02-04T00:00:00,,256.89,241.0,246.71,175265,
2026-02-05T00:00:00,,250.84,237.02,242.29,85355,
2026-02-06T00:00:00,,255.0,238.01,251.39,142643,
2026-02-09T00:00:00,,275.61,244.0,256.76,253883,
2026-02-10T00:00:00,,265.0,255.35,260.14,81931,
2026-02-11T00:00:00,,267.0,254.01,258.61,153615,
2026-02-12T00:00:00,,264.0,256.99,260.33,65742,
2026-02-13T00:00:00,,255.49,238.57,252.89,49288,
2026-02-16T00:00:00,,259.9,241.11,253.54,37190,
2026-02-17T00:00:00,,256.32,248.31,252.72,30164,
2026-02-18T00:00:00,,263.0,251.44,261.23,31092,
2026-02-19T00:00:00,,262.95,245.5,249.61,76254,
2026-02-20T00:00:00,,252.87,245.0,250.32,27248,
2026-02-23T00:00:00,,257.8,248.2,249.63,25686,
2026-02-24T00:00:00,,249.99,244.0,245.39,16988,
2026-02-25T00:00:00,,249.74,244.21,248.68,27887,
2026-02-26T00:00:00,,249.72,239.01,242.18,29739,
2026-02-27T00:00:00,,246.0,231.33,237.23,49897,
2026-03-02T00:00:00,,249.0,222.81,247.69,72554,
2026-03-04T00:00:00,,250.13,236.83,238.69,40712,
2026-03-05T00:00:00,,248.0,227.24,235.03,105331,
2026-03-06T00:00:00,,244.0,233.0,237.54,78504,
2026-03-09T00:00:00,,238.8,224.11,231.3,109285,
2026-03-10T00:00:00,,235.93,226.5,229.97,59279,
2026-03-11T00:00:00,,234.01,221.25,223.64,86365,
